{
    "three_index_vehicle_flow_highs": {
        "time": 29.375897884368896,
        "optimal": true,
        "obj": 244,
        "sol": [
            [
                13
            ],
            [
                12
            ],
            [
                11
            ],
            [
                5
            ],
            [
                3
            ],
            [
                7
            ],
            [
                10
            ],
            [
                1,
                4
            ],
            [
                2,
                6,
                9
            ],
            [
                8
            ]
        ]
    },
    "three_index_vehicle_flow_cbc": {
        "time": 162.75392079353333,
        "optimal": true,
        "obj": 244,
        "sol": [
            [
                11
            ],
            [
                4
            ],
            [
                3
            ],
            [
                10
            ],
            [
                1,
                13
            ],
            [
                2,
                12
            ],
            [
                5
            ],
            [
                6
            ],
            [
                8
            ],
            [
                7,
                9
            ]
        ]
    }
}