{
    "three_index_vehicle_flow_highs": {
        "time": 153.23058104515076,
        "optimal": true,
        "obj": 167,
        "sol": [
            [
                7,
                3,
                15
            ],
            [
                11,
                1,
                4,
                14
            ],
            [
                17,
                10
            ],
            [
                8,
                16,
                6
            ],
            [
                2,
                9
            ],
            [
                12,
                5,
                13
            ]
        ]
    },
    "three_index_vehicle_flow_scip": {
        "time": 181.0898027420044,
        "optimal": true,
        "obj": 167,
        "sol": [
            [
                17,
                5,
                13,
                12
            ],
            [
                1,
                8
            ],
            [
                4,
                15
            ],
            [
                11,
                14,
                3,
                7
            ],
            [
                2,
                9
            ],
            [
                6,
                16,
                10
            ]
        ]
    },
    "three_index_vehicle_flow_cbc": {
        "time": 237.553701877594,
        "optimal": true,
        "obj": 167,
        "sol": [
            [
                17,
                2,
                9
            ],
            [
                7,
                14,
                3
            ],
            [
                12,
                11,
                5,
                13
            ],
            [
                1,
                4
            ],
            [
                8,
                16,
                6,
                15
            ],
            [
                10
            ]
        ]
    },
    "three_index_vehicle_flow_SB_cbc": {
        "time": 300,
        "optimal": false,
        "obj": 167,
        "sol": [
            [
                1,
                3,
                7
            ],
            [
                11,
                5
            ],
            [
                8,
                6,
                16
            ],
            [
                2,
                9
            ],
            [
                12,
                4,
                14,
                13
            ],
            [
                15,
                17,
                10
            ]
        ]
    }
}